{
  "episode_start_fitness": [
    0.8085999407087054,
    0.2677664620535714,
    0.2525076729910714,
    0.9036989339192708,
    0.2592215401785714,
    0.9050295003255209,
    0.2567801339285714,
    0.8256828090122768,
    0.2674612862723214,
    0.2665457589285714,
    0.2564749581473214,
    0.24640415736607144,
    0.8829665120442709,
    0.2677664620535714,
    0.2671561104910714,
    0.9031923421223959,
    0.910625,
    0.2537283761160714,
    0.2656302315848214,
    0.8783811442057292,
    0.2622732979910714,
    0.2656302315848214,
    0.24701450892857144,
    0.8247977992466519,
    0.2708182198660714,
    0.9120776367187502,
    0.8962266031901043,
    0.8086090959821428,
    0.8225211879185269,
    0.9107897949218751,
    0.2607474190848214,
    0.8636910865420386,
    0.8096436418805804,
    0.2692923409598214,
    0.2656302315848214,
    0.9031862386067708,
    0.2518973214285714,
    0.8964310709635418,
    0.902234090169271,
    0.9042543538411459,
    0.9051973470052085,
    0.2705130440848214,
    0.2540335518973214,
    0.2573904854910714,
    0.2641043526785714,
    0.8260459681919643,
    0.2549490792410714,
    0.8847212727864584,
    0.9023775227864583,
    0.8235374232700894,
    0.8634713599795387,
    0.2552542550223214,
    0.8958390299479166,
    0.2650198800223214,
    0.2567801339285714,
    0.8094147600446429,
    0.8645577857607888,
    0.2692923409598214,
    0.2616629464285714,
    0.8977829996744792,
    0.2699026925223214,
    0.8902069091796876,
    0.2671561104910714,
    0.2531180245535714,
    0.8641305396670387,
    0.2665457589285714,
    0.9103106689453125,
    0.8261741420200894,
    0.2656302315848214,
    0.2616629464285714
  ],
  "episode_end_fitness": [
    0.9700954182942709,
    0.9699611409505209,
    0.2695975167410714,
    0.9693324788411459,
    0.2580008370535714,
    0.8972611490885416,
    0.24426792689732144,
    0.9698909505208335,
    0.8957535807291668,
    0.968941853841146,
    0.2610525948660714,
    0.9677913411458334,
    0.2610525948660714,
    0.9035249837239584,
    0.9680110677083336,
    0.8628945777529761,
    0.9698695882161461,
    0.8645272681826637,
    0.9698543294270835,
    0.9699886067708335,
    0.9693843587239586,
    0.970168660481771,
    0.9697841389973958,
    0.9688106282552085,
    0.9692439778645835,
    0.9699001057942709,
    0.9698421223958336,
    0.9686305745442709,
    0.9691249593098958,
    0.9686366780598961,
    0.9688075764973959,
    0.969509480794271,
    0.8898132324218752,
    0.969253133138021,
    0.2656302315848214,
    0.9701045735677084,
    0.9696895345052086,
    0.2531180245535714,
    0.9699397786458335,
    0.9685695393880209,
    0.2641043526785714,
    0.2604422433035714,
    0.9701930745442708,
    0.967672322591146,
    0.9685542805989584,
    0.968642781575521,
    0.9692653401692709,
    0.9692653401692709,
    0.9673488362630209,
    0.8637002418154762,
    0.968166707356771,
    0.9690120442708334,
    0.2659354073660714,
    0.9694270833333334,
    0.2625784737723214,
    0.2607474190848214,
    0.9695277913411461,
    0.9684077962239585,
    0.24426792689732144,
    0.8901184082031252,
    0.9701015218098958,
    0.8643472144717261,
    0.9693538411458333,
    0.969826863606771,
    0.9694850667317709,
    0.970132039388021,
    0.8896087646484376,
    0.9691585286458335,
    0.8950455729166669,
    0.9685420735677084
  ],
  "episode_improvements": [
    0.16149547758556548,
    0.7021946788969495,
    0.01708984375,
    0.06563354492187512,
    -0.001220703125,
    -0.007768351236979276,
    -0.012512207031249972,
    0.14420814150855676,
    0.6282922944568454,
    0.7023960949125745,
    0.00457763671875,
    0.721387183779762,
    -0.6219139171781995,
    0.6357585216703869,
    0.7008549572172622,
    -0.040297764369419786,
    0.05924458821614609,
    0.6107988920665923,
    0.704224097842262,
    0.09160746256510433,
    0.7071110607328872,
    0.7045384288969496,
    0.7227696300688243,
    0.1440128290085566,
    0.698425757998512,
    0.05782246907552069,
    0.07361551920572929,
    0.16002147856212812,
    0.14660377139136893,
    0.057846883138021,
    0.7080601574125744,
    0.10581839425223238,
    0.0801695905412948,
    0.6999607921781996,
    0.0,
    0.06691833496093758,
    0.7177922130766372,
    -0.6433130464099703,
    0.06770568847656244,
    0.06431518554687499,
    -0.641092994326637,
    -0.01007080078125,
    0.7161595226469495,
    0.7102818371000745,
    0.7044499279203871,
    0.14259681338355668,
    0.7143162609281994,
    0.0845440673828125,
    0.0649713134765626,
    0.040162818545386836,
    0.1046953473772323,
    0.7137577892485121,
    -0.6299036225818453,
    0.704407203311012,
    0.00579833984375,
    -0.5486673409598215,
    0.1049700055803573,
    0.699115455264137,
    -0.017395019531249972,
    -0.00766459147135401,
    0.7001988292875745,
    -0.025859694707961456,
    0.702197730654762,
    0.7167088390531995,
    0.10535452706473225,
    0.7035862804594495,
    -0.020701904296874907,
    0.1429843866257441,
    0.6294153413318455,
    0.706879127139137
  ],
  "best_fitness": 0.9701930745442708,
  "action_counts": [
    102,
    46,
    99,
    109,
    71,
    95,
    111,
    91,
    32,
    234,
    60
  ],
  "action_descriptions": [
    "sbox \u2192 identity",
    "sbox \u2192 power_map (low d=3)",
    "sbox \u2192 power_map (mid d=127)",
    "sbox \u2192 power_map (high d=251)",
    "sbox \u2192 random (new seed)",
    "sbox \u2192 aes",
    "matrix \u2192 random",
    "matrix \u2192 circulant",
    "matrix \u2192 cauchy_mds",
    "rounds +1",
    "rounds -1"
  ],
  "total_time": 52397.67564535141,
  "best_genome": {
    "sbox_type": "power_map",
    "sbox_param": 127,
    "matrix_type": "random",
    "num_rounds": 16,
    "fitness": 0.9701930745442708,
    "nonlinearity": 112,
    "diff_uniformity": 4,
    "algebraic_degree": 7
  }
}