{
  "results": {
    "round1_diff0": {
      "num_rounds": 1,
      "diff_bit": 0,
      "train_size": 100000,
      "test_accuracy": 0.4964,
      "best_val_accuracy": 0.512,
      "training_time_sec": 113.85107350349426,
      "true_positive_rate": 0.4274,
      "false_positive_rate": 0.4346,
      "mean_prob_real": 0.47447606921195984,
      "mean_prob_random": 0.47206318378448486,
      "train_losses": [
        0.6969937396292784,
        0.6845957849706922,
        0.6671276706822065,
        0.6279808085183708,
        0.5472822196933688,
        0.4281541896717889,
        0.2854346226216579,
        0.16603925044895435,
        0.08716900295064765,
        0.04159475129325779,
        0.014305881671227363,
        0.004488465903037019,
        0.001971533640652505,
        0.001092335856662189,
        0.0008810847052978827
      ],
      "val_accuracies": [
        0.5021,
        0.511,
        0.5009,
        0.512,
        0.508,
        0.505,
        0.5072,
        0.4985,
        0.5026,
        0.4988,
        0.5039,
        0.5019,
        0.5018,
        0.5018,
        0.501
      ]
    },
    "round2_diff0": {
      "num_rounds": 2,
      "diff_bit": 0,
      "train_size": 100000,
      "test_accuracy": 0.4968,
      "best_val_accuracy": 0.5148,
      "training_time_sec": 119.39415669441223,
      "true_positive_rate": 0.517,
      "false_positive_rate": 0.5234,
      "mean_prob_real": 0.5143818259239197,
      "mean_prob_random": 0.5189939737319946,
      "train_losses": [
        0.6967681205394317,
        0.6846138138552101,
        0.6676000171169942,
        0.6274123748346251,
        0.5472278575203857,
        0.4285855466613964,
        0.28965603765480374,
        0.1714923411075558,
        0.0885593674278685,
        0.04127286775607844,
        0.015395469766357268,
        0.005016319505984382,
        0.0018619756565942448,
        0.0011600171153763861,
        0.0009638299399034158
      ],
      "val_accuracies": [
        0.4926,
        0.4967,
        0.4989,
        0.5043,
        0.5035,
        0.5094,
        0.5066,
        0.5148,
        0.5114,
        0.513,
        0.5107,
        0.5116,
        0.512,
        0.5126,
        0.5113
      ]
    },
    "round3_diff0": {
      "num_rounds": 3,
      "diff_bit": 0,
      "train_size": 100000,
      "test_accuracy": 0.5,
      "best_val_accuracy": 0.501,
      "training_time_sec": 112.99621105194092,
      "true_positive_rate": 0.4906,
      "false_positive_rate": 0.4906,
      "mean_prob_real": 0.4923747181892395,
      "mean_prob_random": 0.49201610684394836,
      "train_losses": [
        0.6964904538222721,
        0.6863825439798589,
        0.673466409955706,
        0.6384014073683291,
        0.5674453718321664,
        0.4501184743581986,
        0.30788660444775406,
        0.18008128553628922,
        0.09257270304524169,
        0.0432687103795838,
        0.01666269888056024,
        0.004695869429863761,
        0.0019120599530169228,
        0.0010705209215116991,
        0.0009589537721880407
      ],
      "val_accuracies": [
        0.4972,
        0.4967,
        0.4902,
        0.4913,
        0.4888,
        0.501,
        0.4958,
        0.493,
        0.4931,
        0.498,
        0.4968,
        0.4972,
        0.4966,
        0.4967,
        0.4963
      ]
    },
    "round4_diff0": {
      "num_rounds": 4,
      "diff_bit": 0,
      "train_size": 100000,
      "test_accuracy": 0.4996,
      "best_val_accuracy": 0.5072,
      "training_time_sec": 121.23409795761108,
      "true_positive_rate": 0.5106,
      "false_positive_rate": 0.5114,
      "mean_prob_real": 0.5088143348693848,
      "mean_prob_random": 0.5102605223655701,
      "train_losses": [
        0.6965290800649293,
        0.685710614433094,
        0.6699369415944937,
        0.6326349921980683,
        0.5585656301403532,
        0.4417717801977177,
        0.3005954189111992,
        0.17583065293729305,
        0.09148101147492321,
        0.04297235227018899,
        0.016873347551599905,
        0.005261634649323984,
        0.0019592219823793204,
        0.00109461079083136,
        0.0009200073429977293
      ],
      "val_accuracies": [
        0.4999,
        0.4965,
        0.4973,
        0.4942,
        0.4938,
        0.5003,
        0.502,
        0.5072,
        0.5041,
        0.5048,
        0.5023,
        0.503,
        0.5029,
        0.5041,
        0.5036
      ]
    },
    "round5_diff0": {
      "num_rounds": 5,
      "diff_bit": 0,
      "train_size": 100000,
      "test_accuracy": 0.4964,
      "best_val_accuracy": 0.5034,
      "training_time_sec": 120.12241125106812,
      "true_positive_rate": 0.4538,
      "false_positive_rate": 0.461,
      "mean_prob_real": 0.47665590047836304,
      "mean_prob_random": 0.4773426651954651,
      "train_losses": [
        0.6961034490745894,
        0.6868542429743981,
        0.6732125324862344,
        0.6393095823575039,
        0.56812934288565,
        0.45116894023150816,
        0.3120174125141027,
        0.18432752890702414,
        0.09664265794337404,
        0.046269450498250674,
        0.018360666061124326,
        0.005515499021774823,
        0.002150840987807748,
        0.001231658841751763,
        0.0010225001775436293
      ],
      "val_accuracies": [
        0.4958,
        0.4943,
        0.4997,
        0.5017,
        0.5034,
        0.4953,
        0.5006,
        0.4962,
        0.4989,
        0.4959,
        0.5002,
        0.4942,
        0.496,
        0.4982,
        0.4963
      ]
    },
    "round6_diff0": {
      "num_rounds": 6,
      "diff_bit": 0,
      "train_size": 100000,
      "test_accuracy": 0.5033,
      "best_val_accuracy": 0.5033,
      "training_time_sec": 123.08909344673157,
      "true_positive_rate": 0.442,
      "false_positive_rate": 0.4354,
      "mean_prob_real": 0.4934235215187073,
      "mean_prob_random": 0.4923916161060333,
      "train_losses": [
        0.696855693751452,
        0.6856601718737154,
        0.6699119301474824,
        0.6338421012065849,
        0.5612961748728946,
        0.44305696733752076,
        0.3025604646881016,
        0.17836201419027484,
        0.09349175719354226,
        0.04308758945945574,
        0.016404023125520622,
        0.0053739121340557324,
        0.002275364002158238,
        0.0011529155578630576,
        0.0008720314267984762
      ],
      "val_accuracies": [
        0.4992,
        0.5033,
        0.4986,
        0.499,
        0.4997,
        0.4996,
        0.4978,
        0.4984,
        0.4964,
        0.4953,
        0.498,
        0.4957,
        0.4981,
        0.4977,
        0.4956
      ]
    },
    "round7_diff0": {
      "num_rounds": 7,
      "diff_bit": 0,
      "train_size": 100000,
      "test_accuracy": 0.5003,
      "best_val_accuracy": 0.5044,
      "training_time_sec": 112.9561243057251,
      "true_positive_rate": 0.5602,
      "false_positive_rate": 0.5596,
      "mean_prob_real": 0.5092391967773438,
      "mean_prob_random": 0.5087214708328247,
      "train_losses": [
        0.6969785127712755,
        0.6856900015655829,
        0.6706736118209605,
        0.6352669180047755,
        0.5628173378657322,
        0.44906702424798695,
        0.3085923518757431,
        0.18472131778847198,
        0.09486024572076845,
        0.04533334321589494,
        0.01719895469699511,
        0.005296353473475355,
        0.0018546936707749336,
        0.001118544684408223,
        0.0010161950168014523
      ],
      "val_accuracies": [
        0.4877,
        0.5044,
        0.4973,
        0.4914,
        0.4953,
        0.4914,
        0.4946,
        0.4887,
        0.494,
        0.4882,
        0.4899,
        0.4909,
        0.492,
        0.4913,
        0.4902
      ]
    },
    "round8_diff0": {
      "num_rounds": 8,
      "diff_bit": 0,
      "train_size": 100000,
      "test_accuracy": 0.5055,
      "best_val_accuracy": 0.5062,