{
  "scan": {
    "worst_bit": 202,
    "worst_deviation": 0.009433593750000024,
    "worst_flip_prob": 0.49056640625,
    "best_bit": 461,
    "best_deviation": 0.0,
    "top_10_worst": [
      [
        202,
        0.009433593750000024
      ],
      [
        390,
        0.008203124999999978
      ],
      [
        43,
        0.007011718749999951
      ],
      [
        83,
        0.006367187499999982
      ],
      [
        358,
        0.00626953124999996
      ],
      [
        485,
        0.005878906249999982
      ],
      [
        330,
        0.00533203124999998
      ],
      [
        68,
        0.005312499999999998
      ],
      [
        257,
        0.005234375000000013
      ],
      [
        269,
        0.005039062499999969
      ]
    ]
  },
  "comparison": {
    "bit_0": {
      "accuracy": 0.4888,
      "status": "SECURE",
      "diff_bit": 0
    },
    "bit_202": {
      "accuracy": 0.5084,
      "status": "SECURE",
      "diff_bit": 202
    }
  },
  "accuracy_difference": 0.01959999999999995,
  "consistent": true
}